user_id,name,gender,age,email,phone,company,job_title,address,created_at
9800db23-cc95-4073-8c87-1c1389cfa046,Colin Orr,Female,53,gregoryarnold@example.net,(766)786-7636x834,Carpenter-Robinson,Civil Service administrator,"52677 Kaufman Common, New Jakeland, VT 91657",2021-04-12
33568a3a-7d65-4114-a8ef-7a21de4436de,Robert Zhang,Male,39,ncarpenter@example.org,+1-234-468-4755x862,Meyer Group,Illustrator,"062 Carter Plain Apt. 446, West Elijahmouth, NV 27685",2020-08-13
069c8224-cb3c-47c7-b466-117ec2745950,David Moore,Male,33,mary51@example.net,(638)407-1709x94369,Lawrence-Taylor,Heritage manager,"167 Dixon Prairie, Franklinfurt, GU 20758",2022-08-29
e87dde26-3fbf-4045-b108-a7ae63e0cbdd,Rachel West,Female,63,jamesreynolds@example.net,(770)689-1315,Simmons LLC,Race relations officer,"26992 Davis Route, South Shellyfort, ND 46589",2022-08-07
f05383be-6ca3-4507-88ee-4830b0970b4b,Wendy Klein,Male,46,nmiller@example.net,553.718.4042,Brown LLC,"Copywriter, advertising","405 Ashley Road, South Susan, KY 56887",2020-12-18
0d462a11-56ba-42ea-aaa4-9c48dac23106,Christopher Estrada,Female,42,bpatel@example.net,(312)407-5290x7314,James Ltd,Toxicologist,"3979 Johnson Forge Suite 668, Duncanhaven, AR 42999",2020-03-25
31473864-8b94-4761-ab2e-f389ebdb6d27,Michele Costa,Male,60,holly32@example.org,(554)544-0885,Smith LLC,Phytotherapist,"15197 Theresa Motorway Suite 085, Derekfort, WY 50251",2022-06-17
494e49b7-3c00-4b1f-b358-775afb2b407c,Clifford Ortega,Female,52,erika53@example.com,9994273116,Hamilton Group,Quarry manager,"00673 Alexander Mount, Mariohaven, HI 63224",2023-07-16
3a7671e7-7d0f-4a4d-a2a2-6dce1c9f2b3b,Steven Sutton,Male,41,leblancjohn@example.org,(284)722-0786x297,Mcguire LLC,Environmental manager,"251 Vasquez Course, West James, FM 10525",2021-01-08
e9a38afa-d88f-481e-8eed-7060ec3fd648,Scott Patterson,Female,45,johnandrews@example.com,+1-270-690-7475x33910,"Harper, Fields and Burke",Seismic interpreter,"Unit 4360 Box 4657, DPO AA 65284",2024-10-07
54a1ea3b-91fc-4889-a88e-d13eb0d66f46,Kristin Walton,Female,20,jamesflores@example.com,+1-404-419-7570x5244,Flores-Anderson,Chartered loss adjuster,"3737 Thomas Crest, Clarkmouth, AR 45505",2021-01-06
748cc479-4431-4b52-aa2c-3e314834ff76,Michael Caldwell,Female,39,gsmith@example.com,498-547-6436x074,Hughes Group,"Engineer, drilling","6212 Evan Views, Nicolemouth, NM 59867",2025-04-17
1dd67d35-7b98-4ce7-8da0-0bc0d015634d,Adrian Ewing,Female,26,jwang@example.com,779-687-0674x2270,Johnson-Church,"Engineer, manufacturing systems","79471 Jesus River Apt. 219, Lake Jaredhaven, TN 81462",2021-04-10
e4d9d99a-2dca-4bc6-bb88-76a93188c57b,Jesse Jones,Male,20,nelsonchad@example.com,(984)673-8542x1653,"Bond, Miller and Meyer",Illustrator,"70415 Brandy Manor, Rodriguezton, LA 64911",2023-12-20
af28319b-c73c-4ec0-8ccc-9cf7117eeea7,Jennifer Russell,Male,25,gutierrezkenneth@example.net,(261)519-0082x80493,"Gibbs, Jones and Brown",Field seismologist,"3077 Nicole Fort Apt. 457, North Laurie, AS 30753",2024-12-19
ecd31759-22f4-4b52-b721-52c7b8e09ba7,Kevin Reid,Female,52,janice73@example.net,001-901-686-4529x56405,Castillo PLC,Theme park manager,"PSC 5401, Box 3860, APO AA 43787",2024-03-14
5d220cc6-764f-40ed-8fbf-234185543017,John Anderson,Male,63,jacqueline05@example.net,805-721-3980x00137,Armstrong-Perkins,Academic librarian,"71363 Anthony Way Apt. 598, Osbornberg, VA 11075",2023-12-25
74331c98-96b1-4b81-a526-c33b56488719,Bryan Harrison,Male,51,patriciachurch@example.com,+1-862-285-9497,Wilkerson PLC,"Surveyor, insurance","02570 Wyatt Forks Apt. 970, North Davidbury, VA 17594",2021-11-16
c5527c69-9341-4fb2-bc5d-0466b42c011f,Luis Riley,Female,42,ellisheather@example.net,2709135987,Willis-Hill,Legal executive,"651 Watkins Locks, North Lindachester, MO 72817",2020-05-07
b9d1e9c7-a7bf-43e0-b7c4-f046f3741f33,Tom Harris,Female,22,galvandarren@example.com,+1-955-499-0602x927,Ford-Bradley,Paediatric nurse,"20101 Garcia Tunnel, Nicoleborough, SC 88012",2021-12-26
573a1334-f217-45b7-84af-e5671c2b3044,Caitlin Martinez,Female,18,leachdominic@example.com,001-507-939-6680x547,Mitchell LLC,Editorial assistant,"USNV Arnold, FPO AP 67097",2022-03-29
7eea8b53-53dd-4986-a446-2c686297edc9,Jason Hodge,Female,65,jerrysmith@example.com,7144320552,Wallace-Patterson,Research scientist (physical sciences),"3545 Kathleen Lodge, South Annmouth, IL 67471",2020-08-23
132bdfdc-2c4f-4f02-b081-befeac4926e5,Gary Schmidt,Male,34,salinasmike@example.com,+1-436-715-4806x8523,Martinez and Sons,Telecommunications researcher,"097 Franklin Island Apt. 606, South Elizabethmouth, NC 72968",2020-05-07
f5e3c0e3-a30a-4f63-acc3-6917ade90af6,Melinda Torres,Male,30,jorge03@example.net,853.435.8349x023,Torres-Johnson,Actor,"9539 Greer Creek Suite 401, West Darlenetown, AK 36274",2020-02-03
7acba00e-2df3-4100-82e0-7b503aaca9a1,Michelle Scott,Female,49,erinsanchez@example.org,289.612.2742x20739,"Fernandez, Simpson and Lopez",Fashion designer,"672 Quinn Springs, Douglasport, AS 08015",2021-09-19
42dd8d94-ccc3-440e-b744-d32c960b3f38,Wanda Collins,Male,63,jessicaalvarez@example.com,7638961628,Thompson Ltd,Hydrographic surveyor,"426 Butler Square, Brewerhaven, IA 96724",2025-01-18
5dd3313e-f4ed-4334-9bed-c8a5a4656666,Gregory Watson,Female,29,ashleyrobertson@example.org,604-998-5547x97588,King-Osborne,Electrical engineer,"69521 Robertson Shores Suite 837, Villastad, VI 26734",2022-06-21
2c5eb25a-fcfc-4fc5-b51a-27f89378a777,Michelle Herrera,Male,28,zjensen@example.com,001-663-463-5060,"Jimenez, Espinoza and Torres",Sub,"8766 Callahan Club, West Davidton, AR 30883",2024-01-30
d658bf1c-4e4f-4c6f-9180-a7de627299b5,Shane Smith,Female,53,warrenmichelle@example.net,(511)652-4489x37737,Morgan Ltd,"Sound technician, broadcasting/film/video","Unit 0996 Box 4706, DPO AP 66132",2023-01-03
8b9e3c5e-3e3a-488a-a8bf-559bd5e12cdf,Lisa Barnett,Male,56,wwade@example.net,617-530-9563x723,Orozco Inc,Dietitian,"8956 Jessica Greens, New Jonathanfort, FM 37448",2023-08-14
3dcc442c-8603-4a4b-b632-f6e442989fbe,Keith Brown,Female,25,kaitlyndavis@example.org,001-465-379-8123x7797,"Hoover, Oconnor and Robinson",Call centre manager,"76386 Lori Cove, North Andrewland, TX 71248",2024-10-07
ee7b9b78-51fe-440e-bf42-6e39a664e3ae,Noah Russell,Female,29,michaelajohnson@example.org,+1-334-899-7784x60369,"Smith, Schultz and Norris",Automotive engineer,"5229 Winters Extension Apt. 131, South Dianafort, AK 32619",2020-10-28
6bbaac2f-6cc2-4fb2-9804-274630f1b338,Douglas Anderson,Male,57,wrightmelissa@example.org,406.815.8879,"Baxter, Brewer and Green",Mental health nurse,"38073 Allen Ridges Apt. 189, Millershire, CT 02352",2025-07-27
9bb5eaba-0820-4698-a76c-5d27c5924201,Antonio Bartlett,Male,33,rmartinez@example.org,617-973-4717,Clark Group,"Teacher, special educational needs","368 Samantha Stravenue Suite 010, Emilyberg, OK 93261",2020-01-08
b0000108-7aa3-432b-8812-aa8a9117c570,Martin Armstrong,Female,21,heather21@example.com,(883)596-3064,Benitez-Cooper,Primary school teacher,"PSC 3859, Box 6817, APO AE 73729",2024-09-16
b389cffd-8605-4675-aa64-343ba5629701,Nicholas Morris,Female,47,longjessica@example.com,001-731-638-1102x89340,Richard Inc,Sports development officer,"7131 Dawson Plain Apt. 330, Lake Lucasburgh, OH 88407",2022-08-20
7f0dad16-8085-4218-96e0-98ba4aed89d1,Carrie Leonard,Female,64,ethan65@example.org,442-333-1984x8838,"Phillips, Wilson and Morgan",Fine artist,"94082 Davis Ranch Apt. 675, New Bethanybury, WA 77155",2020-07-30
c648bd35-9171-450f-8828-3a95a227a8e7,Michelle Barton,Female,33,ifarrell@example.com,(456)756-7110x01825,"Reyes, Martin and Weiss",Pensions consultant,"492 Wendy Way Suite 389, South Brian, CO 54246",2021-10-30
6b7032a1-81f8-46e9-99b8-fb3a6c521fd9,Antonio Gregory,Female,29,patricia24@example.net,+1-414-524-3498x0511,"Ochoa, Moore and Goodman","Engineer, civil (consulting)","94322 Butler Wells Apt. 265, Johnchester, PR 19284",2022-01-01
a9a0cd15-fb59-4096-a8b6-f30cb6a7fc88,Roberto Fowler,Female,47,rebecca24@example.net,318-251-3725,"King, Beasley and Garcia",Broadcast journalist,"230 Williams Curve, West Douglas, GA 36245",2022-06-04
646bc120-6f20-4335-9dd3-9ed81e4c3e1c,Frederick Hunt,Female,52,matthew57@example.net,434-441-1868x584,Greene-Shaw,Chartered public finance accountant,"414 Nathaniel Harbors Suite 659, North Kristinabury, ME 84413",2021-11-05
cf0500bc-553c-49e0-8305-7bd8f1aa6edb,Alexander Gonzalez,Male,28,tiffany87@example.net,001-697-224-4555,Dunn-Glover,Building control surveyor,"29818 Lane Causeway, South Jack, MD 58659",2020-07-03
700d4f6b-801f-4f55-867e-4b5f5845988b,Garrett Gregory,Male,52,samanthawilson@example.com,+1-679-506-2155x71893,Petty and Sons,"Engineer, aeronautical","Unit 0793 Box 1292, DPO AE 81729",2020-08-28
789d76dc-98d7-4602-ad32-d9671afa58c4,Alyssa Miller,Male,26,jasonpeterson@example.org,910.779.8888x49003,"Copeland, Allen and Paul",Psychotherapist,"74912 Carlson Curve, East Alexisbury, DC 29759",2021-11-05
0a579fa4-2ced-47eb-a799-b3d21f0ca00c,Gina Walker,Female,23,alejandra10@example.net,(643)978-6016x227,"Barrera, Davidson and Foley","Radiographer, therapeutic","46415 Kendra Villages, Brittneyside, PW 36822",2020-05-31
b6792608-4df6-44e6-aa84-7d766f29b5e2,Jeffrey Anderson,Female,51,ashleymercado@example.com,001-500-339-7139x4625,Peterson-Turner,Archaeologist,"USS Walker, FPO AP 98585",2020-05-19
4322e9d7-59f0-4e89-9374-7892f77f0f48,Jonathan Rogers,Female,55,montgomeryjohn@example.com,+1-601-382-1921,Thomas Ltd,Theatre stage manager,"88784 Powell Summit, West Mikemouth, MO 36240",2023-08-10
3d011373-7d1c-4b86-a677-de9c4c814073,Mary Smith,Male,53,barbara75@example.org,+1-932-681-2155x1059,Cardenas-Meadows,Translator,"926 Harrell Extensions, East Katherinefort, HI 35861",2021-05-18
71b6dfed-6bf8-42f3-a0df-687f62cdb02d,John Smith,Female,58,laurenjackson@example.org,477-531-6195x22723,Stone-Little,Mechanical engineer,"128 Gonzalez Plaza Apt. 252, East Shannonbury, NC 10757",2022-04-16
e3a41242-fe31-40a8-9914-780803570d36,Emily Reyes,Male,22,jbeck@example.org,(694)416-5309,Cobb Ltd,Higher education lecturer,"0101 Melissa Fields, Lake Billy, CA 37106",2023-11-18
